INSERT INTO CATEGORIA VALUES (1,'impresiones');
INSERT INTO CATEGORIA VALUES (2,'papeleria');
INSERT INTO CATEGORIA VALUES (3,'regalos');
INSERT INTO CATEGORIA VALUES (4,'recargas');

INSERT INTO CLIENTE VALUES ('GEC85014014I1','Carlos','Perez','Lopez', 06300, 100, 'Ciudad de Mexico', 'La Mision', 'Guerrero'); 
INSERT INTO CLIENTE VALUES ('GEC85014014I2','Daniel','Rosas','Sanchez', 06350,101,'Ciudad de Mexico','Arboledas', 'Buenavista'); 
INSERT INTO CLIENTE VALUES ('GEC85014014I3','David','Lopez','Perez', 06840,103,'Ciudad de Mexico','Arboledas', 'Esperanza'); 
INSERT INTO CLIENTE VALUES ('GEC85014014I4','Dolores','Perez','Lopez', 06270,104,'Ciudad de Mexico','Arboledas', 'Maza'); 
INSERT INTO CLIENTE VALUES ('GEC85014014I5','Diego','Hernandez','Sanchez', 06600,105,'Ciudad de Mexico','Arboledas', 'Juárez'); 

INSERT INTO VENTA VALUES (001,'24-11-21',9500.50, 'GEC85014014I1'); 
INSERT INTO VENTA VALUES (002,'24-10-21',401.00,'GEC85014014I2'); 
INSERT INTO VENTA VALUES (003,'24-11-21',2851.50, 'GEC85014014I3'); 
INSERT INTO VENTA VALUES (004,'24-10-21',8042.00,'GEC85014014I4'); 
INSERT INTO VENTA VALUES (005,'24-11-21',7.50, 'GEC85014014I5'); 

INSERT INTO INVENTARIO VALUES (1,'Unidad Centro');

INSERT INTO PRODUCTO VALUES (53201,9500.50,'Epson', 'buenas impresiones',1); 
INSERT INTO PRODUCTO VALUES (53202,200.50,'HB','bueno esccribir',2);
INSERT INTO PRODUCTO VALUES (53203,950.50,'Epson', 'buenos regalos',3); 
INSERT INTO PRODUCTO VALUES (53204,2010.50,'HB','bueno esccribir',4);
INSERT INTO PRODUCTO VALUES (53205,1.50,'Epson', 'impresiones',1);

INSERT INTO GUARDA VALUES (1,53201,5000.00,4,'2021-07-23'); 
INSERT INTO GUARDA VALUES (1,53202,60.00,20,'2021-06-02');
INSERT INTO GUARDA VALUES (1,53203,500.00,4,'2021-07-23'); 
INSERT INTO GUARDA VALUES (1,53204,600.00,20,'2021-06-02');
INSERT INTO GUARDA VALUES (1,53205,0.50,4,'2021-07-23');

INSERT INTO CONTIENE VALUES (53201,001,9500.50,1); 
INSERT INTO CONTIENE VALUES (53202,002,401.00,2);
INSERT INTO CONTIENE VALUES (53203,003,2851.50,3); 
INSERT INTO CONTIENE VALUES (53204,004,8042.00,4);
INSERT INTO CONTIENE VALUES (53205,005,7.50,5); 

INSERT INTO PROVEEDOR VALUES (1,'Telcel','RADIOMOVIL DIPSA S.A. DE CV','Ciudad de Mexico','Col.Apliacion Granada',245,06500,'Lago Zurich'); 
INSERT INTO PROVEEDOR VALUES (2,'Maped','MAPEED S.A. DE CV','Ciudad de Mexico','Col.Benito Juarez',233, 06700,'Fuentes'); 
INSERT INTO PROVEEDOR VALUES (3,'Telcel','RADIOMOVIL DIPSA S.A. DE CV','Ciudad de Mexico','Col.Apliacion Granada',245,06600,'Lago Zurich'); 
INSERT INTO PROVEEDOR VALUES (4,'Maped','MAPEED S.A. DE CV','Ciudad de Mexico','Col.Benito Juarez',233, 06800,'Fuentes'); 
INSERT INTO PROVEEDOR VALUES (5,'Telcel','RADIOMOVIL DIPSA S.A. DE CV','Ciudad de Mexico','Col.Apliacion Granada',245,06900,'Lago Zurich'); 

INSERT INTO CORREO VALUES ('carlos@gmail.com', 'GEC85014014I1'); 
INSERT INTO CORREO VALUES ('daniel@gmail.com', 'GEC85014014I2');
INSERT INTO CORREO VALUES ('david@gmail.com', 'GEC85014014I3'); 
INSERT INTO CORREO VALUES ('dolores@gmail.com', 'GEC85014014I4');
INSERT INTO CORREO VALUES ('diego@gmail.com', 'GEC85014014I5'); 

INSERT INTO SURTE VALUES (1,1); 
INSERT INTO SURTE VALUES (2,1);
INSERT INTO SURTE VALUES (3,1); 
INSERT INTO SURTE VALUES (4,1);
INSERT INTO SURTE VALUES (5,1);

INSERT INTO TELEFONO VALUES (5545498801,1);
INSERT INTO TELEFONO VALUES (5545498802,2);
INSERT INTO TELEFONO VALUES (5545498803,3);
INSERT INTO TELEFONO VALUES (5545498804,4);
INSERT INTO TELEFONO VALUES (5545498805,5);